"Species","Length_cm","Speed_cms","Mode"
"Chromis iomelas",3.58534119877512,12.692049706559,"Swimming"
"Chromis iomelas",3.75542137040445,10.8169539339182,"Swimming"
"Chaetodon pelewensis",7.82272196938019,32.3786884718823,"Swimming"
"Chaetodon pelewensis",7.8437644240821,20.7697977863186,"Swimming"
"Chromis iomelas",3.7731467106304,7.12545663042483,"Swimming"
"Cephalopholis argus",29.7527463445047,39.6321827100613,"Swimming"
"Ctenochaetus striatus",8.31688513749669,29.6629908490149,"Swimming"
"Chaetodon pelewensis",3.59544345907478,4.54065471986168,"Eating"
"Cephalopholis argus",25.0615386582857,24.3008866923445,"Swimming"
"Chaetodon pelewensis",6.55389975706093,5.46867499100619,"Eating"
"Chaetodon pelewensis",7.34003608958372,4.9064269624281,"Eating"
"Zebrasoma scopas",13.3482330671287,25.274483228602,"Swimming"
"Zebrasoma scopas",14.8695878344955,26.8200583261031,"Swimming"
"Zebrasoma scopas",9.8005459303491,18.0000806727535,"Swimming"
"Zebrasoma scopas",11.5987442487829,20.5463154250007,"Swimming"
"Zebrasoma scopas",14.1583286673692,27.8366405892942,"Swimming"
"Chromis iomelas",3.5053211861833,9.53755273470169,"Swimming"
"Chromis iomelas",2.68406552881428,7.19378709977525,"Swimming"
"Chaetodon ornatissimus",10.6429816682901,22.4608920817267,"Swimming"
"Chaetodon ornatissimus",12.1376630353653,31.3832197358981,"Swimming"
"Zebrasoma scopas",5.95073423712711,12.5923075570062,"Swimming"
"Chromis iomelas",4.57600868191263,8.10988901751255,"Swimming"
"Zebrasoma scopas",10.5954162228975,7.59694330737714,"Swimming"
"Chaetodon pelewensis",7.31705309371598,22.9978421970192,"Swimming"
"Zebrasoma scopas",10.2315173490149,22.8872284953398,"Swimming"
"Chaetodon pelewensis",7.58541628461097,21.6994013205637,"Swimming"
"Chromis iomelas",4.1872919021188,29.3674771372003,"Swimming"
"Chromis iomelas",3.62452731843188,11.6207009299506,"Swimming"
"Chromis iomelas",2.92044916962438,7.45000468653667,"Swimming"
"Chaetodon ornatissimus",10.3933925354878,29.6020278930227,"Swimming"
"Chaetodon ornatissimus",9.48419428112612,27.2450282858288,"Swimming"
"Chromis iomelas",2.87666493301361,9.10527750551406,"Swimming"
"Chromis iomelas",3.50592589025076,12.9340872537511,"Swimming"
"Chromis iomelas",3.67580253946938,10.9683994329889,"Swimming"
"Chaetodon ornatissimus",11.2159430563166,31.9729795287249,"Swimming"
"Chromis iomelas",3.04189937329339,13.3004062546873,"Swimming"
"Zebrasoma scopas",11.8561316936192,20.6150750394713,"Swimming"
"Cephalopholis argus",21.4004064490947,14.801020362618,"Swimming"
"Zebrasoma scopas",9.57207799296108,26.1133131904493,"Swimming"
"Ctenochaetus striatus",9.2743923712692,17.1896126604073,"Swimming"
"Ctenochaetus striatus",9.56960426646501,19.1110122497491,"Swimming"
"Chaetodon pelewensis",9.23813428455666,16.1833336787791,"Swimming"
"Chaetodon pelewensis",6.84760197672872,16.7743738781878,"Swimming"
"Zebrasoma scopas",13.8455806352079,22.0440895889946,"Swimming"
"Zebrasoma scopas",14.7297998103905,45.3495564343706,"Swimming"
"Zebrasoma scopas",14.9814664535749,25.2286132261982,"Swimming"
"Zebrasoma scopas",12.480110901136,21.6474786624211,"Swimming"
"Zebrasoma scopas",12.488277692242,26.0762896467723,"Swimming"
"Chromis iomelas",3.57685977580391,14.3722168931643,"Swimming"
"Chaetodon ornatissimus",12.8158540588793,11.9018561856929,"Eating"
"Zebrasoma scopas",15.0760581576209,24.7967507580542,"Swimming"
"Chromis iomelas",3.38113949725681,6.05665549299612,"Swimming"
"Zebrasoma scopas",12.0885541335108,38.539012612182,"Swimming"
"Zebrasoma scopas",16.0012104431213,16.9387317650522,"Swimming"
"Chaetodon pelewensis",7.91053337571983,9.34139392250906,"Swimming"
"Chromis iomelas",3.5456194834303,8.37118034364521,"Swimming"
"Chromis iomelas",3.25526774499689,7.84693647204953,"Swimming"
"Zebrasoma scopas",14.2069951582511,29.8075866904036,"Swimming"
"Zebrasoma scopas",14.9371669608632,19.0619537264066,"Swimming"
"Chromis iomelas",4.40759614652603,11.6288986906068,"Swimming"
"Chromis iomelas",3.36655646086045,11.2222206346384,"Swimming"
"Chaetodon pelewensis",6.94303860272994,29.301175678035,"Swimming"
"Chromis iomelas",4.51025794702014,17.5231434236697,"Swimming"
"Zebrasoma scopas",12.7895272816873,29.6681633714551,"Swimming"
"Cephalopholis argus",29.5042699818322,12.6473599679077,"Swimming"
"Chromis iomelas",3.27881581738485,11.2588639953353,"Swimming"
"Chromis iomelas",3.14740112484049,6.3763204766569,"Swimming"
"Chromis iomelas",3.4626622867827,12.7012357955501,"Swimming"
"Chromis iomelas",4.27331061644867,9.55004224962093,"Swimming"
"Zebrasoma scopas",14.6674789221028,34.953871409963,"Swimming"
"Chromis iomelas",3.69363554990383,13.5563164493703,"Swimming"
"Chromis iomelas",3.77274317182429,7.70567756965828,"Swimming"
"Chromis iomelas",4.33814372905632,10.0378487290422,"Swimming"
"Chromis iomelas",4.05075360072108,21.8773490792535,"Swimming"
"Zebrasoma scopas",12.6251394083057,18.4261373162584,"Swimming"
"Chromis iomelas",3.24879222553569,9.10644153701445,"Swimming"
"Cephalopholis argus",19.8844197039661,55.714002512481,"Swimming"
"Chaetodon pelewensis",7.32104765726153,12.9824626812074,"Swimming"
"Chaetodon ornatissimus",12.5803929903895,18.9700913709181,"Eating"
"Chlorurus spilurus",23.694918149876,26.7314529478375,"Swimming"
"Zebrasoma scopas",9.43848272696871,8.56266412927672,"Swimming"
"Chaetodon ornatissimus",9.01792254207586,6.3452320127249,"Eating"
"Chlorurus spilurus",20.1393331983667,43.8401640578038,"Swimming"
"Odonus niger",12.7643859422565,30.2170956649815,"Swimming"
"Naso lituratus",19.0992069363191,24.7690048451652,"Swimming"
"Chlorurus spilurus",23.91610185827,42.4098701157909,"Swimming"
"Zebrasoma scopas",14.1272762634284,31.2763908058429,"Swimming"
"Chromis iomelas",4.21884834729511,15.5130250664642,"Swimming"
"Chlorurus spilurus",23.2919189094126,66.0785610517761,"Swimming"
"Chromis iomelas",4.24410176446313,21.968985977811,"Swimming"
"Zebrasoma scopas",10.0197756670028,22.2949293691172,"Swimming"
"Zebrasoma scopas",11.529540748946,6.63326264066959,"Swimming"
"Zebrasoma scopas",13.2218994059544,17.9319706745095,"Swimming"
"Chromis iomelas",3.73899568616358,10.8487099095604,"Swimming"
"Chaetodon pelewensis",7.59758878593494,6.19922261487955,"Swimming"
"Chromis iomelas",2.82393022239164,13.7986859306668,"Swimming"
"Odonus niger",18.4912642729322,42.2255903184663,"Swimming"
"Chaetodon ornatissimus",12.0200090032888,43.013237550518,"Swimming"
"Cephalopholis argus",22.1316364843336,45.5566048955308,"Swimming"
"Chlorurus spilurus",19.1714812506318,50.0175100702606,"Swimming"
"Chlorurus spilurus",16.9622772077085,33.6179722279486,"Swimming"
"Naso lituratus",19.8598048786787,20.820086264505,"Swimming"
"Naso lituratus",19.3276300658784,26.4157275952992,"Swimming"
"Zebrasoma scopas",11.6623915537006,17.1737568632723,"Swimming"
"Chromis iomelas",4.24465097441836,10.1443312296261,"Swimming"
"Zebrasoma scopas",9.98418941319253,5.956082784955,"Swimming"
"Chaetodon pelewensis",7.27278440557387,11.1316225394192,"Swimming"
"Chromis iomelas",4.21987523777651,15.5427886615796,"Swimming"
"Zebrasoma scopas",10.2401846118478,21.2948501034375,"Swimming"
"Chlorurus spilurus",19.9226234233645,54.5367327619378,"Swimming"
"Chromis iomelas",2.3631544610732,8.20072984857944,"Swimming"
"Naso lituratus",18.285772601804,22.7192751627664,"Swimming"
"Chromis iomelas",3.95819190687361,24.7330458549754,"Swimming"
"Naso lituratus",19.0686619529514,18.1301006610128,"Swimming"
"Chaetodon ornatissimus",8.01986886363641,8.82044800549592,"Eating"
"Naso lituratus",17.29028090628,14.1911984574344,"Swimming"
"Zebrasoma scopas",14.2631468765179,21.6701759989471,"Swimming"
"Chlorurus spilurus",24.7000948010569,22.9760592164552,"Swimming"
"Chromis iomelas",4.16056693424555,19.6971663165318,"Swimming"
"Chaetodon pelewensis",7.56756319261574,4.37036710422664,"Eating"
"Naso lituratus",19.7000517729889,10.958983451805,"Swimming"
"Chaetodon pelewensis",7.51317744105044,48.5052566011822,"Swimming"
"Chlorurus spilurus",22.1498482951167,48.9957197018203,"Swimming"
"Chromis iomelas",2.81120888024296,14.2290459778753,"Swimming"
"Chromis iomelas",3.6339976079196,21.8242186389191,"Swimming"
"Chromis iomelas",4.54045600010865,12.5476362834224,"Swimming"
"Chaetodon pelewensis",8.12433724945732,16.3554384312856,"Swimming"
"Chromis iomelas",4.65499584232956,14.1634399207329,"Swimming"
"Chromis iomelas",4.00115218560926,15.2964931388643,"Swimming"
"Zebrasoma scopas",19.5690684788254,68.0641084594871,"Swimming"
"Chromis iomelas",3.55256232773058,15.942172422547,"Swimming"
"Chlorurus spilurus",26.4076650637682,48.7091065006778,"Swimming"
"Chaetodon pelewensis",8.64864591677025,19.1646499348278,"Swimming"
"Cephalopholis argus",20.9319615536449,20.1960996945153,"Swimming"
"Zebrasoma scopas",16.4375878933666,53.2903568539631,"Swimming"
"Zebrasoma scopas",20.2629869359968,18.3581430724644,"Swimming"
"Zebrasoma scopas",19.843407289009,41.6358343780376,"Swimming"
"Chaetodon pelewensis",7.81759361954704,10.3698777119825,"Swimming"
"Zebrasoma scopas",19.9099460219001,33.4792006229515,"Swimming"
"Chaetodon pelewensis",8.3827951886547,5.50065868930652,"Swimming"
"Cephalopholis argus",36.541766164934,39.1255404496617,"Swimming"
"Cephalopholis argus",21.1129400558089,29.7484796049472,"Swimming"
"Naso lituratus",24.586939854001,77.1305165581548,"Swimming"
"Naso lituratus",26.2853898046943,89.8308908986006,"Swimming"
"Naso lituratus",27.0818048828372,78.3912150259283,"Swimming"
"Naso lituratus",22.1491750714914,96.9036213870994,"Swimming"
"Naso lituratus",24.9582270242993,80.1261408984478,"Swimming"
"Naso lituratus",26.1903031928166,32.7600777711263,"Swimming"
"Zebrasoma scopas",13.6453263393195,14.8362869842546,"Swimming"
"Zebrasoma scopas",19.1654520587141,32.382295522755,"Swimming"
"Zebrasoma scopas",18.1429589894732,47.5399816250433,"Swimming"
"Naso lituratus",21.8848988340058,18.1701689728527,"Swimming"
"Chromis iomelas",3.32933888470846,20.5942402472593,"Swimming"
"Zebrasoma scopas",18.4899047600189,26.0952804522379,"Swimming"
"Zebrasoma scopas",17.0739592631661,49.9089561069757,"Swimming"
"Chlorurus spilurus",29.9490277094221,66.9158653980824,"Swimming"
"Chromis iomelas",3.24744531652781,23.7726481811067,"Swimming"
"Cephalopholis argus",28.4730342655587,23.4549580731137,"Swimming"
"Chlorurus spilurus",33.7112753223173,76.2313766517262,"Swimming"
"Zebrasoma scopas",14.0338531991843,26.2366014334894,"Swimming"
"Cephalopholis argus",20.3048209724115,18.890253946099,"Swimming"
"Zebrasoma scopas",19.5841854944264,44.2799454229308,"Swimming"
"Cephalopholis argus",35.3215885405536,25.6593417851791,"Swimming"
"Zebrasoma scopas",17.7376347232377,53.9617645113698,"Swimming"
"Chlorurus spilurus",42.1390333666893,122.855021357398,"Swimming"
"Chaetodon pelewensis",8.47062211057913,20.8374454475651,"Swimming"
"Chromis iomelas",4.72759602334287,13.3025589165534,"Swimming"
"Chromis iomelas",3.84596763009755,12.3291374078017,"Swimming"
"Zebrasoma scopas",18.6194296516047,29.2449650736837,"Swimming"
"Zebrasoma scopas",14.1411569091266,35.386087658238,"Swimming"
"Cephalopholis argus",32.5257364438213,35.5936437574758,"Swimming"
"Chaetodon pelewensis",9.72474104480111,46.5770100842882,"Swimming"
"Chlorurus spilurus",44.9645997421971,99.7845639899616,"Swimming"
"Chaetodon pelewensis",8.38334259105158,39.7835632627711,"Swimming"
"Chromis iomelas",2.65788398176875,13.3508069508515,"Swimming"
"Zebrasoma scopas",12.5732620354268,27.7183607077917,"Swimming"
"Chaetodon pelewensis",7.15955395434987,17.2083995387512,"Swimming"
"Zebrasoma scopas",13.83575229544,31.0161420739173,"Swimming"
"Chromis iomelas",3.52631684580672,15.5403911152659,"Swimming"
"Chaetodon pelewensis",7.37040549737012,3.26294316164583,"Eating"
"Chromis iomelas",2.76725833734413,10.8829203053937,"Swimming"
"Chaetodon pelewensis",8.02129095975741,5.38447053049085,"Eating"
"Chromis iomelas",2.58711062786304,8.01903566556431,"Swimming"
"Ctenochaetus striatus",14.8933111251004,18.3168434542739,"Swimming"
"Chromis iomelas",2.87051703169781,10.4431006887578,"Swimming"
"Chromis iomelas",2.82736658165312,23.2744410554356,"Swimming"
"Ctenochaetus striatus",15.0776880869455,17.6456919445555,"Swimming"
"Chaetodon pelewensis",6.26743544758093,2.70715598924379,"Eating"
"Chromis iomelas",2.71896245867765,17.1335507834471,"Swimming"
"Ctenochaetus striatus",14.9409709403874,18.5176642315125,"Swimming"
"Chromis iomelas",2.98268285679397,8.10991269910587,"Swimming"
"Chromis iomelas",3.67440826961087,9.60283479489267,"Swimming"
"Cephalopholis argus",20.5799460256864,22.6580561648196,"Swimming"
"Chaetodon ornatissimus",11.1501739119263,28.0537446502717,"Swimming"
"Chaetodon ornatissimus",11.4082366582112,23.5820073825721,"Swimming"
"Ctenochaetus striatus",14.9278651711586,19.6514829744911,"Swimming"
"Chaetodon pelewensis",7.13253356488312,11.1216835812276,"Swimming"
"Zebrasoma scopas",10.2248139060186,22.759264661366,"Swimming"
"Zebrasoma scopas",13.7257882697435,26.3147630343285,"Swimming"
"Ctenochaetus striatus",15.0542852265815,27.8155624829084,"Swimming"
"Chromis iomelas",2.71650795009679,13.9263834931966,"Swimming"
"Chaetodon pelewensis",6.68537662181946,18.8156878314665,"Swimming"
"Chromis iomelas",4.2968253848039,19.0983327966037,"Swimming"
"Chromis iomelas",2.39027899437882,12.3388293204805,"Swimming"
"Zebrasoma scopas",6.27805274223352,13.4494323261872,"Swimming"
"Chromis iomelas",2.54383747436502,12.4233994526377,"Swimming"
"Cephalopholis argus",25.700721057786,61.175226740241,"Swimming"
"Chromis iomelas",2.17415546827145,10.1104853354113,"Swimming"
"Ctenochaetus striatus",15.6335050657369,11.3031224431808,"Swimming"
"Chaetodon pelewensis",8.04119091003468,43.5033437112698,"Swimming"
"Zebrasoma scopas",10.8712187847914,21.1184676517857,"Swimming"
"Zebrasoma scopas",14.3509792802872,23.184219123965,"Swimming"
"Chromis iomelas",4.36619665003721,8.37164237341586,"Swimming"
"Ctenochaetus striatus",15.2108786482543,19.6982930049931,"Swimming"
"Zebrasoma scopas",14.9138409354586,21.2642042694053,"Swimming"
"Chromis iomelas",4.35867246723027,2.70501646498657,"Swimming"
"Zebrasoma scopas",10.3669457559513,23.880114268202,"Swimming"
"Chaetodon pelewensis",6.82042812588098,7.71584298747834,"Eating"
"Chromis iomelas",2.78354007225297,10.0303521156031,"Swimming"
"Chromis iomelas",3.30747134326863,7.37101854456155,"Swimming"
"Chromis iomelas",3.78865357358797,10.6218345506547,"Swimming"
"Chromis iomelas",3.23311727855573,9.41891318229204,"Swimming"
"Zebrasoma scopas",15.2317202495747,14.9750211518187,"Swimming"
"Chromis iomelas",3.60835340434344,8.8485470070158,"Swimming"
"Ctenochaetus striatus",9.9414354432862,24.4625270786064,"Swimming"
"Chromis iomelas",3.2527949053431,8.47783381869674,"Swimming"
"Chromis iomelas",3.42716945499861,6.3889335275395,"Swimming"
"Chromis iomelas",3.46077723081121,9.14699148703082,"Swimming"
"Odonus niger",22.731696679795,59.9789827006105,"Swimming"
"Chromis iomelas",4.3845598783618,27.6999068980646,"Swimming"
"Ctenochaetus striatus",9.56564830913911,17.585243831243,"Swimming"
"Chaetodon pelewensis",8.20137054098568,21.1856059643203,"Swimming"
"Cephalopholis argus",23.9011689865999,19.9176432665643,"Swimming"
"Zebrasoma scopas",17.3828976516253,23.0179915594645,"Swimming"
"Chromis iomelas",3.31941543413096,14.8251004569711,"Swimming"
"Chaetodon pelewensis",7.29712250581673,6.5986438539336,"Eating"
"Chaetodon pelewensis",7.45488890687439,9.33680308213808,"Eating"
"Ctenochaetus striatus",9.08613708942267,13.0084361015065,"Swimming"
"Chaetodon pelewensis",6.97773969189587,5.87171462363523,"Eating"
"Chaetodon pelewensis",7.31827912135898,10.5029133149539,"Eating"
"Chromis iomelas",3.66262663887861,13.028593240925,"Swimming"
"Chaetodon pelewensis",7.63978591274892,11.7610485571447,"Eating"
"Ctenochaetus striatus",15.8612604514551,18.2408926729715,"Swimming"
"Chromis iomelas",2.7658990593217,9.63571442051351,"Swimming"
"Chaetodon pelewensis",6.5649380439131,14.1430004715407,"Eating"
"Chaetodon pelewensis",7.57184143526321,8.58934762568279,"Eating"
"Chaetodon pelewensis",6.83999840713804,13.3568440178397,"Eating"
"Chromis iomelas",4.46226876975556,8.50090556071458,"Swimming"
"Zebrasoma scopas",14.8618335718954,19.3088334909107,"Swimming"
"Cephalopholis argus",23.5319597708225,19.9767390252355,"Swimming"
"Zebrasoma scopas",14.7371726513966,23.9664121471577,"Swimming"
"Chromis iomelas",3.99051855171861,10.7973951743791,"Swimming"
"Chromis iomelas",2.91709978977763,10.8583540883683,"Swimming"
"Chromis iomelas",3.37503218142027,9.5457530961633,"Swimming"
"Zebrasoma scopas",14.7673780969985,12.4756242134252,"Swimming"
"Chromis iomelas",3.80585789231196,11.6078376573513,"Swimming"
"Chromis iomelas",3.1494184683297,13.5690670069934,"Swimming"
"Zebrasoma scopas",14.9487031393055,30.5481689950008,"Swimming"
"Chromis iomelas",2.62966972883947,11.9200175533361,"Swimming"
"Zebrasoma scopas",15.061330822045,16.9543955241398,"Swimming"
"Chromis iomelas",4.30655549717025,10.6643659513739,"Swimming"
"Ctenochaetus striatus",17.3099428711418,21.3420823719462,"Swimming"
"Chromis iomelas",3.62566592123921,12.9389541024725,"Swimming"
"Cephalopholis argus",24.7963765280529,22.1721388008858,"Swimming"
"Chaetodon pelewensis",7.13815261113516,8.6557213805161,"Eating"
"Chromis iomelas",3.8427625837291,17.2980481735296,"Swimming"
"Chromis iomelas",3.74641786861917,10.4191157609744,"Swimming"
"Naso lituratus",18.9752803786189,37.6386318690315,"Swimming"
"Chromis iomelas",2.78477019114129,7.15637354817927,"Swimming"
"Ctenochaetus striatus",17.7243073632066,36.8268962979742,"Swimming"
"Chromis iomelas",3.61699485936574,14.4247483736353,"Swimming"
"Chromis iomelas",4.38487024230911,9.76332679392998,"Swimming"
"Ctenochaetus striatus",15.473702870734,19.4590374334417,"Swimming"
"Chlorurus spilurus",20.8900267595423,83.5050373310873,"Swimming"
"Cephalopholis argus",27.1310016475452,15.8239904108174,"Swimming"
"Chromis iomelas",4.43132612679041,6.94304718969639,"Swimming"
"Cephalopholis argus",24.3962994460368,11.2459603217493,"Swimming"
"Chromis iomelas",4.43453192941889,21.142604056609,"Swimming"
"Naso lituratus",18.8265785961039,19.8415845566316,"Swimming"
"Chromis iomelas",3.80864218323927,16.7255433739084,"Swimming"
"Chaetodon pelewensis",7.75406326700305,35.0061590563573,"Swimming"
"Chaetodon pelewensis",7.44062584578199,16.0694523340541,"Swimming"
"Naso lituratus",18.8401289632325,23.9001375600524,"Swimming"
"Cephalopholis argus",23.9471591655206,18.6388305410287,"Swimming"
"Zebrasoma scopas",14.7730532377879,20.1231831014983,"Swimming"
"Zebrasoma scopas",15.3650746306138,19.5739763200634,"Swimming"
"Chromis iomelas",4.19361493747299,14.3552511730704,"Swimming"
"Ctenochaetus striatus",17.0856174846789,20.7935207534024,"Swimming"
"Chlorurus spilurus",20.4061208400751,15.818451603361,"Eating"
"Chlorurus spilurus",19.8595080852687,94.4352373538221,"Swimming"
"Chromis iomelas",3.66132490442358,10.2751500880751,"Swimming"
"Zebrasoma scopas",12.4543641223223,11.9534990386992,"Eating"
"Zebrasoma scopas",13.2640621405051,5.30331311728225,"Eating"
"Chaetodon pelewensis",7.39580786519963,27.1202365673887,"Swimming"
"Chromis iomelas",3.44268220692554,11.0241903916227,"Swimming"
"Zebrasoma scopas",12.8720798831616,3.40925515218104,"Swimming"
"Zebrasoma scopas",12.8526474230482,7.92244343163835,"Swimming"
"Zebrasoma scopas",14.5930727379576,4.63374793301356,"Eating"
"Chromis iomelas",3.89595282506177,6.81884015960888,"Swimming"
"Cephalopholis argus",11.6790347640657,26.454936909011,"Swimming"
"Ctenochaetus striatus",18.2722199671062,33.8531069754128,"Swimming"
"Chromis iomelas",3.34113787201682,8.64185646630624,"Swimming"
"Chlorurus spilurus",21.5068860535694,41.6076882564932,"Swimming"
"Naso lituratus",21.4528023789361,8.61629196636566,"Eating"
"Zebrasoma scopas",11.9428675979416,17.3628949116564,"Swimming"
"Cephalopholis argus",21.4447447738419,27.9590225855879,"Swimming"
"Chromis iomelas",2.89461503713695,6.17279559635396,"Swimming"
"Cephalopholis argus",30.4402538348329,20.8751867311435,"Swimming"
"Chlorurus spilurus",24.6967950170274,29.0481794674833,"Swimming"
"Cephalopholis argus",20.2934090810407,31.7960243770663,"Swimming"
"Chromis iomelas",3.5879738390611,6.11960817248907,"Swimming"
"Naso lituratus",20.8194438049583,22.6961531913179,"Swimming"
"Naso lituratus",16.1727968681401,29.1965595944684,"Swimming"
"Zebrasoma scopas",14.4841327359952,26.941605818262,"Swimming"
"Chromis iomelas",2.6991344492832,9.64594287059169,"Swimming"
"Cephalopholis argus",25.3367437894177,23.7014302503943,"Swimming"
"Chaetodon pelewensis",7.9023221247271,5.38159772890862,"Eating"
"Chaetodon pelewensis",7.70377512356188,7.02407305079442,"Swimming"
"Chlorurus spilurus",24.9893730761973,45.6844893669148,"Swimming"
"Ctenochaetus striatus",15.0271984634182,19.5788885262629,"Swimming"
"Zebrasoma scopas",5.72018601085174,3.32945072151165,"Eating"
"Chromis iomelas",3.26106269922886,10.9549044948468,"Swimming"
"Chlorurus spilurus",19.26859840357,23.3393313753367,"Swimming"
"Zebrasoma scopas",10.1515151186748,19.7038455518267,"Swimming"
"Chlorurus spilurus",22.5624271543827,50.0956301221681,"Swimming"
"Chlorurus spilurus",15.6989255775432,33.5227519205245,"Swimming"
"Chlorurus spilurus",18.8697172388313,35.9008469987802,"Swimming"
"Chaetodon ornatissimus",11.9434603190188,26.3704173606251,"Swimming"
"Naso lituratus",21.2561122603006,17.4504016901422,"Swimming"
"Chaetodon pelewensis",7.33338048972385,12.44022556351,"Swimming"
"Chaetodon ornatissimus",10.3339181914094,35.9167552006182,"Swimming"
"Ctenochaetus striatus",14.8630244946768,32.2717084632561,"Swimming"
"Naso lituratus",20.1415829015664,48.9167134185953,"Swimming"
"Ctenochaetus striatus",15.1327715897215,17.1661638381984,"Swimming"
"Chaetodon pelewensis",8.45118294009845,8.08736490326333,"Swimming"
"Chromis iomelas",2.58173850114619,15.989375658067,"Swimming"
"Chlorurus spilurus",19.5644254371067,23.6587772325681,"Swimming"
"Naso lituratus",18.9291822385328,51.7665313789903,"Swimming"
"Chlorurus spilurus",22.744622307396,47.1866002532638,"Swimming"
"Ctenochaetus striatus",14.3989987721954,19.7492540488081,"Swimming"
"Chlorurus spilurus",26.4956069521201,52.122197276621,"Swimming"
"Chromis iomelas",2.82533763663081,4.50530900877026,"Swimming"
"Chlorurus spilurus",10.7210544353735,27.6299877284709,"Swimming"
"Chlorurus spilurus",14.6130518082941,23.5398430077471,"Swimming"
"Naso lituratus",20.7214316804235,22.5108372774242,"Swimming"
"Zebrasoma scopas",9.54664087642728,21.5219946172997,"Swimming"
"Chlorurus spilurus",15.5907397971249,14.8463911163086,"Swimming"
"Chlorurus spilurus",26.6217880080479,52.0478363269162,"Swimming"
"Naso lituratus",19.0552716264007,14.1790268073548,"Swimming"
"Zebrasoma scopas",10.4200998640903,23.6072933327961,"Swimming"
"Chlorurus spilurus",23.3823312356633,48.2668414795602,"Swimming"
"Naso lituratus",17.1217015359325,25.2350330624891,"Swimming"
"Cephalopholis argus",21.6667653726155,17.2626370274946,"Swimming"
"Naso lituratus",19.3877908813171,42.3981594027478,"Swimming"
"Zebrasoma scopas",15.5697489161243,46.1056346923073,"Swimming"
"Naso lituratus",21.2897098900876,48.9981713807313,"Swimming"
"Naso lituratus",19.5625118605205,31.1290632658751,"Swimming"
"Ctenochaetus striatus",7.76571587570218,34.6557334469858,"Swimming"
"Chaetodon ornatissimus",14.2146075644437,2.97319950057498,"Eating"
"Chaetodon ornatissimus",10.3875072770444,16.6454788635547,"Eating"
"Chaetodon ornatissimus",11.6415291378845,12.8300631117161,"Swimming"
"Chaetodon pelewensis",7.54377373257198,27.0298629447626,"Swimming"
"Chaetodon pelewensis",8.21982226445152,19.9776647605033,"Swimming"
"Odonus niger",15.941227485058,45.542057134682,"Swimming"
"Odonus niger",17.5513733349351,77.0005055731111,"Swimming"
"Odonus niger",22.2418297634677,91.4099550573371,"Swimming"
"Odonus niger",13.5924027862507,29.8365309735382,"Swimming"
"Cephalopholis argus",22.3234191897129,29.7391913247893,"Swimming"
"Zebrasoma scopas",10.0219700838873,56.7193685752091,"Swimming"
"Odonus niger",13.8810733390268,28.4782317141804,"Swimming"
"Chromis iomelas",3.40279146542993,12.0702271103541,"Swimming"
"Zebrasoma scopas",14.536080486446,53.3872882067422,"Swimming"
"Chaetodon pelewensis",7.7928237227052,5.44718846822125,"Eating"
"Odonus niger",15.3961165163968,29.4561278460429,"Swimming"
"Chaetodon pelewensis",7.62528691971076,8.81762041477273,"Eating"
"Odonus niger",14.7188355557568,85.0902050419674,"Swimming"
"Chromis iomelas",4.74126115068601,6.34049676554204,"Swimming"
"Chromis iomelas",3.24894764300054,10.5229317732037,"Swimming"
"Chromis iomelas",4.2479937944745,8.91704418418292,"Swimming"
"Odonus niger",12.548191659287,41.5321102843189,"Swimming"
"Odonus niger",12.4627834176855,52.4708671119421,"Swimming"
"Chaetodon pelewensis",7.68764962618606,34.0977637897151,"Swimming"
"Odonus niger",12.2338616567668,49.664509724335,"Swimming"
"Chromis iomelas",4.70950349927651,10.8652958769803,"Swimming"
"Chromis iomelas",3.08454977458376,8.16116373750357,"Swimming"
"Chromis iomelas",3.57998285607601,19.9866043920248,"Swimming"
"Ctenochaetus striatus",14.7764303575922,30.9417156211975,"Swimming"
"Ctenochaetus striatus",15.6255731670547,22.1345680909147,"Swimming"
"Chaetodon ornatissimus",11.2352159967324,48.5276527320153,"Swimming"
"Chaetodon pelewensis",7.19424711392232,34.7423907096914,"Swimming"
"Ctenochaetus striatus",15.3537483099897,18.0891195652884,"Swimming"
"Cephalopholis argus",22.5494138558002,26.2884760488286,"Swimming"
"Zebrasoma scopas",10.2255340717276,29.0900136799227,"Swimming"
"Chromis iomelas",4.34854643197026,12.2925870504185,"Swimming"
"Chaetodon ornatissimus",11.7464298329679,50.5187205768582,"Swimming"
"Odonus niger",18.0059979398058,31.3080399255767,"Swimming"
"Zebrasoma scopas",10.3665090085647,22.6959257363011,"Swimming"
"Zebrasoma scopas",15.1299138987401,32.8837966750666,"Swimming"
"Ctenochaetus striatus",19.1077906647267,42.2640084367297,"Swimming"
"Chaetodon ornatissimus",11.5641243700427,37.6876873265038,"Swimming"
"Cephalopholis argus",22.6238950936274,33.6637189173736,"Swimming"
"Odonus niger",14.9084267811649,30.6351446305346,"Swimming"
"Chromis iomelas",3.45259060184787,16.152897748673,"Swimming"
"Ctenochaetus striatus",14.7282757382055,41.5763089161104,"Swimming"
"Chromis iomelas",3.5366863513008,6.50194466458591,"Swimming"
"Chromis iomelas",3.89936863563454,6.70138148952972,"Swimming"
"Chaetodon pelewensis",7.17753907196065,17.4383951918336,"Swimming"
"Chaetodon pelewensis",7.80738985769469,9.87917871548995,"Eating"
"Cephalopholis argus",30.0976625708001,17.1160446488273,"Swimming"
"Chaetodon pelewensis",7.92182143735245,12.6497916633086,"Swimming"
"Zebrasoma scopas",16.9101650779138,18.0220158016524,"Swimming"
"Zebrasoma scopas",16.2029301967465,23.0011872866415,"Swimming"
"Chromis iomelas",4.72351438957663,16.9075981266905,"Swimming"
"Chromis iomelas",3.45435703034647,8.99398516433942,"Swimming"
"Chromis iomelas",3.96323857025501,13.9447225727975,"Swimming"
"Chromis iomelas",3.12902617190687,11.0477448604577,"Swimming"
"Chaetodon pelewensis",7.29220387328106,4.477963619357,"Eating"
"Chromis iomelas",3.77340595618406,9.54584476585886,"Swimming"
"Chromis iomelas",5.70608677806825,11.1890779240889,"Swimming"
"Chromis iomelas",4.76212194277057,13.8679449219885,"Swimming"
"Chromis iomelas",3.94295112968883,24.8061161124088,"Swimming"
"Odonus niger",21.2436814392527,68.9884192610294,"Swimming"
"Odonus niger",24.1659220089916,58.3547191936818,"Swimming"
"Chaetodon pelewensis",8.31712091175461,37.7182044729965,"Swimming"
"Odonus niger",22.3413283409042,53.0122675427568,"Swimming"
"Zebrasoma scopas",14.9923918040051,33.9587607522842,"Swimming"
"Chaetodon pelewensis",7.51416267545454,12.5439655219957,"Eating"
"Chromis iomelas",3.65005811547866,11.9324637152316,"Swimming"
"Chromis iomelas",3.59742712063993,12.38961043148,"Swimming"
"Zebrasoma scopas",13.7837991580569,30.5930108824345,"Swimming"
"Chromis iomelas",3.07390065924081,11.1315270841783,"Swimming"
"Chaetodon pelewensis",8.1408966846069,29.6729553347234,"Swimming"
"Chaetodon pelewensis",7.9104359292144,18.7084323059784,"Swimming"
"Zebrasoma scopas",13.2343911189136,29.6917904089551,"Swimming"
"Zebrasoma scopas",13.5225089255178,36.2970349552227,"Swimming"
"Cephalopholis argus",21.6461736675702,47.732392373088,"Swimming"
"Chromis iomelas",4.17667903659106,10.6919058191135,"Swimming"
"Zebrasoma scopas",14.4718069943671,34.8843262776003,"Swimming"
"Chromis iomelas",3.9665897055301,4.43112072774564,"Swimming"
"Chaetodon pelewensis",7.99491027600588,19.8927480329097,"Swimming"
"Chaetodon pelewensis",7.58309657686295,12.2822873094707,"Eating"
"Chaetodon pelewensis",7.51371236864468,26.6427459882528,"Swimming"
"Chaetodon pelewensis",7.58438265497429,9.1110096810415,"Eating"
"Chaetodon pelewensis",7.72139353449832,15.5518779615013,"Swimming"
"Cephalopholis argus",22.0665317692177,20.6681913643289,"Swimming"
"Cephalopholis argus",25.2347644845986,32.8095348067197,"Swimming"
"Zebrasoma scopas",13.2513999551855,18.0890747837534,"Swimming"
"Chaetodon pelewensis",7.52461822877111,8.13719274691269,"Eating"
"Chromis iomelas",2.82465440979687,8.50114566262763,"Swimming"
"Chromis iomelas",3.81210898650403,6.71586782453977,"Swimming"
"Chromis iomelas",2.66328214915988,10.324557103052,"Swimming"
"Chaetodon pelewensis",6.69913904886773,8.66822736336228,"Eating"
"Chromis iomelas",3.92214354151147,14.416837057835,"Swimming"
"Chlorurus spilurus",24.0476224477034,34.0942564941699,"Swimming"
"Chromis iomelas",2.79642704579772,14.6860898107521,"Swimming"
"Chromis iomelas",2.96306114962281,5.68169581893988,"Swimming"
"Naso lituratus",19.5059283401248,44.648802187965,"Swimming"
"Cephalopholis argus",22.7027937997654,30.7964647390558,"Swimming"
"Chromis iomelas",2.79708080356726,7.11539872686525,"Swimming"
"Chlorurus spilurus",23.5574876157855,58.853564762873,"Swimming"
"Ctenochaetus striatus",14.8824148534302,54.602287601846,"Swimming"
"Chromis iomelas",3.49551418616807,9.95018828204331,"Swimming"
"Ctenochaetus striatus",15.1434612842691,24.2016859472074,"Swimming"
"Ctenochaetus striatus",12.8279009354679,41.3950943790507,"Swimming"
"Ctenochaetus striatus",13.3287997790611,8.23446496542888,"Eating"
"Chlorurus spilurus",20.6065220677657,34.1232361154502,"Swimming"
"Ctenochaetus striatus",16.3525999319225,21.4883945409322,"Swimming"
"Chlorurus spilurus",15.2527524955221,28.3153307081681,"Swimming"
"Chaetodon ornatissimus",11.6670090170957,39.891256448267,"Swimming"
"Chaetodon pelewensis",6.76524349958191,8.89044119200381,"Eating"
"Chaetodon ornatissimus",11.7574640163133,46.6267047512648,"Swimming"
"Ctenochaetus striatus",16.1061920955031,19.79070463912,"Swimming"
"Ctenochaetus striatus",15.9974612196645,21.3122342097579,"Swimming"
"Chromis iomelas",2.40176233815585,12.4552185388423,"Swimming"
"Chaetodon ornatissimus",11.1087122252261,43.0539576518218,"Swimming"
"Chaetodon pelewensis",7.06248889781476,40.7597869932784,"Swimming"
"Chlorurus spilurus",20.2933714725411,28.7698493710329,"Swimming"
"Chromis iomelas",2.80655401282491,5.69531127441553,"Swimming"
"Chromis iomelas",2.8963951066577,5.21066631751141,"Swimming"
"Chlorurus spilurus",14.7683702578585,33.575643342188,"Swimming"
"Chlorurus spilurus",16.6741326191706,59.9251262404072,"Swimming"
"Cephalopholis argus",24.6321143335533,21.7729263981074,"Swimming"
"Chlorurus spilurus",23.2039888702703,33.735047724771,"Swimming"
"Chromis iomelas",2.79371180708177,10.8314104861626,"Swimming"
"Zebrasoma scopas",6.28166192755265,13.3097785555266,"Swimming"
"Naso lituratus",19.2991964089402,44.2620654517492,"Swimming"
"Chromis iomelas",2.66523502245179,11.6799720436384,"Swimming"
"Ctenochaetus striatus",17.2352093725757,36.6767828317081,"Swimming"
"Zebrasoma scopas",14.8140836042658,22.0637681667166,"Swimming"
"Chaetodon pelewensis",7.68767465303119,5.75588170827333,"Eating"
"Chlorurus spilurus",20.6932892764622,31.1246304375228,"Swimming"
"Chromis iomelas",2.7266764395324,25.8800969205058,"Swimming"
"Ctenochaetus striatus",15.5974166797031,18.5047027921041,"Swimming"
"Ctenochaetus striatus",15.6416174266178,19.5362220709987,"Swimming"
"Naso lituratus",17.803383950666,18.09392679201,"Swimming"
"Chromis iomelas",3.36124111812897,8.80755048779764,"Swimming"
"Chaetodon pelewensis",7.14688975266469,2.29441069319201,"Eating"
"Naso lituratus",17.9518875246285,5.10389134969409,"Eating"
"Chromis iomelas",2.48203775709346,7.45931924248849,"Swimming"
"Chaetodon pelewensis",7.41348426128957,21.5420664619424,"Swimming"
"Odonus niger",14.4744048219528,33.3363727753389,"Swimming"
"Ctenochaetus striatus",16.8763476776188,36.8635022759096,"Swimming"
"Chaetodon pelewensis",7.49796274431976,5.26362370364395,"Eating"
"Cephalopholis argus",21.2525410178083,15.7573950395205,"Swimming"
"Cephalopholis argus",20.2458174968464,14.2824222645255,"Swimming"
"Chaetodon pelewensis",7.02568142654833,3.04778783258383,"Eating"
"Naso lituratus",18.0086315553082,26.2865469164604,"Swimming"
"Chromis iomelas",4.45563362153158,12.7949915156546,"Swimming"
"Naso lituratus",17.6422218183918,6.28482060968236,"Eating"
"Cephalopholis argus",25.0078122610425,23.2501194746032,"Swimming"
"Naso lituratus",18.1657308654637,13.2371800658618,"Swimming"
"Chlorurus spilurus",18.6564600283657,38.1718247649515,"Swimming"
"Chlorurus spilurus",13.3419887518507,24.4357970420517,"Swimming"
"Chlorurus spilurus",17.7416235054754,22.6189883061228,"Swimming"
"Chaetodon ornatissimus",10.4292030920076,26.5924477823467,"Swimming"
"Chromis iomelas",4.37688293965784,16.5187089209414,"Swimming"
"Chaetodon pelewensis",7.73472633877194,35.5916216693267,"Swimming"
"Ctenochaetus striatus",16.5165247884066,34.5276926527184,"Swimming"
"Chromis iomelas",2.80874887701523,10.7451151305989,"Swimming"
"Cephalopholis argus",23.8647391698373,25.437650314239,"Swimming"
"Chaetodon pelewensis",6.54302166215051,13.2954051576429,"Swimming"
"Chromis iomelas",2.61353632674047,9.6156361606201,"Swimming"
"Zebrasoma scopas",12.3028399624736,22.6834971440561,"Swimming"
"Chromis iomelas",3.94528401145175,21.6421004299965,"Swimming"
"Chaetodon pelewensis",7.56507175484861,32.9999484231888,"Swimming"
"Chaetodon ornatissimus",10.8442082584993,29.2747144615797,"Swimming"
"Chromis iomelas",2.68120649078941,8.9208492232238,"Swimming"
"Cephalopholis argus",22.8963211313233,29.9433975782169,"Swimming"
"Chaetodon ornatissimus",11.5013649839014,31.0360957331952,"Swimming"
"Chromis iomelas",3.63783023995639,12.3889548004638,"Swimming"
"Chromis iomelas",2.7960208027327,11.1254188471943,"Swimming"
"Chaetodon pelewensis",7.41437390812547,24.6245157418764,"Swimming"
"Chromis iomelas",2.73977862814624,9.76150564467627,"Swimming"
"Chlorurus spilurus",25.0759046330813,42.5214930893188,"Swimming"
"Zebrasoma scopas",12.511407671892,25.6978934481375,"Swimming"
"Zebrasoma scopas",14.202087553772,22.0284157120307,"Swimming"
"Chromis iomelas",2.80621078477543,8.18354626223237,"Swimming"
"Chaetodon ornatissimus",11.6729549160888,22.6811831086446,"Swimming"
"Chaetodon pelewensis",7.57953995770723,3.24114179851875,"Eating"
"Chaetodon pelewensis",7.67043625636012,2.79913313153213,"Eating"
"Ctenochaetus striatus",16.2434754032186,28.8215302920653,"Swimming"
"Zebrasoma scopas",13.6457483904503,33.0040530807851,"Swimming"
"Chromis iomelas",3.63600445952756,14.6495697893335,"Swimming"
"Chaetodon pelewensis",7.57607321103868,47.4700616528353,"Swimming"
"Chromis iomelas",3.87212862280625,11.6329122300623,"Swimming"
"Chromis iomelas",3.6729858917098,19.8006454386731,"Swimming"
"Chromis iomelas",3.86799888885357,17.2881586808662,"Swimming"
"Zebrasoma scopas",6.21660052893722,11.2524726833064,"Swimming"
"Zebrasoma scopas",6.19844011015538,9.71011223548116,"Swimming"
"Zebrasoma scopas",6.31122631020989,14.7093736540502,"Swimming"
"Zebrasoma scopas",5.87784367932012,12.306429215324,"Swimming"
"Chaetodon pelewensis",7.40497673504399,13.9929475460834,"Swimming"
"Chaetodon ornatissimus",12.5916730742403,22.2340325798988,"Eating"
"Chaetodon pelewensis",7.39863730628079,16.4274214367472,"Swimming"
"Chaetodon pelewensis",7.95375247111606,8.06829892708967,"Eating"
"Zebrasoma scopas",6.47811199912879,16.9212178951319,"Swimming"
"Chromis iomelas",3.6880789677251,13.1416548945173,"Swimming"
"Chromis iomelas",3.91202621468557,8.12284802773443,"Swimming"
"Chromis iomelas",3.75580485707227,12.5211673274465,"Swimming"
"Chromis iomelas",3.5996466884928,14.456280865106,"Swimming"
"Zebrasoma scopas",11.0759426228782,29.2212749115178,"Swimming"
"Cephalopholis argus",32.1412741039548,29.0311988944605,"Swimming"
"Ctenochaetus striatus",15.0955961885859,27.202409187649,"Swimming"
"Ctenochaetus striatus",14.6435918285631,45.6847412985442,"Swimming"
"Chromis iomelas",2.43867910285052,10.6396356236174,"Swimming"
"Chromis iomelas",3.6335800000973,17.8985463091416,"Swimming"
"Chromis iomelas",3.84980295018298,20.4836135089483,"Swimming"
"Chromis iomelas",2.59800582290322,4.03958966100561,"Swimming"
"Chromis iomelas",3.64358625683991,15.4624573264024,"Swimming"
"Zebrasoma scopas",4.79698764296094,18.3109962132278,"Swimming"
"Zebrasoma scopas",10.0179763177309,20.6646421054871,"Swimming"
"Zebrasoma scopas",14.4145118193649,30.365513498895,"Swimming"
"Chromis iomelas",3.49659742583522,25.2899496930441,"Swimming"
"Chromis iomelas",4.0782505461594,7.86903118818959,"Swimming"
"Chromis iomelas",3.41980432940581,12.9499077647015,"Swimming"
"Zebrasoma scopas",10.4242285102776,19.9734119376797,"Swimming"
"Chromis iomelas",2.86849164086106,18.4833413880896,"Swimming"
"Chromis iomelas",2.47826926326505,9.10798427333986,"Swimming"
"Zebrasoma scopas",13.760219876468,15.4544672687019,"Swimming"
"Chromis iomelas",3.78154024573908,23.5440589990934,"Swimming"
"Cephalopholis argus",31.4763337047933,29.4719810689938,"Swimming"
"Odonus niger",16.7300659284768,25.723115060112,"Swimming"
"Odonus niger",18.0288624921108,37.6587322253981,"Swimming"
"Chromis iomelas",3.32889734273416,7.93482421726231,"Swimming"
"Zebrasoma scopas",6.06194673805894,8.68143805345312,"Swimming"
"Zebrasoma scopas",10.3907295356879,20.5595904415931,"Swimming"
"Zebrasoma scopas",9.25010826428231,12.2411843356619,"Eating"
"Ctenochaetus striatus",15.4261120454516,21.6535691395198,"Swimming"
"Zebrasoma scopas",13.3693592598886,28.9867916479676,"Swimming"
"Cephalopholis argus",24.5082693515089,15.955959579169,"Swimming"
"Chaetodon pelewensis",7.35272824179095,40.1820268071951,"Swimming"
"Chromis iomelas",2.96441430726717,10.5675702021651,"Swimming"
"Chromis iomelas",2.86474373656493,14.0904774476241,"Swimming"
"Chromis iomelas",3.11581529511612,14.0899742462093,"Swimming"
"Chromis iomelas",2.80009645344652,10.1124810983662,"Swimming"
"Chromis iomelas",3.88028630794623,13.2964987001423,"Swimming"
"Chaetodon ornatissimus",8.08840090604763,8.70279300175778,"Swimming"
"Chromis iomelas",3.7123071539815,10.1916741451097,"Swimming"
"Chromis iomelas",4.20854864665021,38.4092144057375,"Swimming"
"Cephalopholis argus",20.1364812103598,29.1217009044448,"Swimming"
"Chromis iomelas",3.67450255851652,13.297656109651,"Swimming"
"Ctenochaetus striatus",17.7675883350595,33.7020949914205,"Swimming"
"Chromis iomelas",3.76778301257188,13.6943307581583,"Eating"
"Cephalopholis argus",19.3376486839812,24.5355740588791,"Swimming"
"Chaetodon ornatissimus",12.8145377235461,12.0452421241738,"Swimming"
"Chaetodon ornatissimus",10.8572577216137,5.15035821832568,"Eating"
"Chromis iomelas",3.18794344967327,12.0737994312371,"Swimming"
"Zebrasoma scopas",16.3077007075157,35.6932461696636,"Swimming"
"Ctenochaetus striatus",9.85828672047976,35.7026501624008,"Swimming"
"Chromis iomelas",3.67900226646426,14.9428167581387,"Swimming"
"Zebrasoma scopas",15.7841889108849,34.1360629384326,"Swimming"
"Chaetodon pelewensis",6.83692030421792,25.868751932003,"Swimming"
"Chaetodon pelewensis",7.03908730316022,40.3129344758189,"Swimming"
"Chromis iomelas",3.18090423328563,10.3650376768623,"Swimming"
"Chromis iomelas",3.07003891875807,18.2913812416602,"Swimming"
"Naso lituratus",20.7142916818726,19.8043116749802,"Swimming"
"Zebrasoma scopas",15.7787125652419,40.3530327520454,"Swimming"
"Chromis iomelas",3.66917150762227,21.9698081409811,"Swimming"
"Chromis iomelas",3.15869739901405,14.8079685276173,"Swimming"
"Chromis iomelas",2.6805776245665,8.42550051187962,"Swimming"
"Chromis iomelas",4.20626959226846,16.8571505753987,"Swimming"
"Chromis iomelas",2.76812359135684,15.0590211242477,"Swimming"
"Chromis iomelas",2.74010327708416,12.9414430102987,"Swimming"
"Chromis iomelas",3.03937987347631,10.7151771763739,"Swimming"
"Zebrasoma scopas",9.99860726121709,28.4434652640865,"Swimming"
"Zebrasoma scopas",15.9379401614482,30.3967864507489,"Swimming"
"Chromis iomelas",2.62825353160827,15.7252056938738,"Swimming"
"Zebrasoma scopas",12.1209996581013,26.3116219529321,"Swimming"
"Cephalopholis argus",19.9825759808843,22.5558659352082,"Swimming"
"Chromis iomelas",2.97121587052287,12.2335206512002,"Swimming"
"Zebrasoma scopas",15.0272015800138,22.7811438444129,"Swimming"
"Chromis iomelas",3.37631937608824,11.8399699942499,"Swimming"
"Chromis iomelas",3.12083317344312,12.8358146618177,"Swimming"
"Chromis iomelas",3.52895322447743,12.3353546004544,"Swimming"
"Chaetodon ornatissimus",11.608115309204,8.17988505653877,"Eating"
"Chromis iomelas",3.78757762714706,15.6371038208552,"Swimming"
"Zebrasoma scopas",13.2234407395357,19.2026956402791,"Swimming"
"Chromis iomelas",3.68639930995372,9.9216131263233,"Swimming"
"Zebrasoma scopas",14.6661554858204,43.1307710086471,"Swimming"
"Zebrasoma scopas",14.1198722964639,25.6685057745555,"Swimming"
"Zebrasoma scopas",13.1701277274132,27.1144584119566,"Swimming"
"Chromis iomelas",4.06250006566915,17.0171375054626,"Swimming"
"Naso lituratus",20.1567180046478,29.7075663976517,"Swimming"
"Chaetodon pelewensis",7.51790587275215,8.06814147746058,"Eating"
"Chaetodon pelewensis",7.26564895672521,10.756999061229,"Eating"
"Chromis iomelas",3.69055461475504,15.5577405751894,"Swimming"
"Ctenochaetus striatus",17.1853003030292,29.1203746895064,"Swimming"
"Naso lituratus",18.7008487413993,31.339103077301,"Swimming"
"Chromis iomelas",4.01946844120672,18.2050915938872,"Swimming"
"Naso lituratus",20.2994407901565,37.4875622021422,"Swimming"
"Zebrasoma scopas",9.46511972465588,10.26804797742,"Eating"
"Zebrasoma scopas",10.7484832946275,13.2336814311246,"Eating"
"Chlorurus spilurus",24.0072867975074,67.4300074742356,"Swimming"
"Zebrasoma scopas",6.49654543813278,15.8930761997949,"Eating"
"Chlorurus spilurus",20.6577609413931,25.6915043881232,"Swimming"
"Zebrasoma scopas",10.3232498030421,30.0392372741638,"Swimming"
"Odonus niger",28.1240268077294,97.2770939739205,"Swimming"
"Chlorurus spilurus",24.8860758400947,34.9640107715072,"Swimming"
"Chaetodon pelewensis",7.93671452656951,12.1990203574546,"Eating"
"Naso lituratus",20.0622462715267,25.9830393567522,"Swimming"
"Chaetodon pelewensis",7.50260859464603,5.63266977525806,"Eating"
"Cephalopholis argus",22.6984009083,59.6541145034207,"Swimming"
"Chromis iomelas",3.58930396680474,18.0515690302774,"Swimming"
"Naso lituratus",18.5952669175137,46.2260628178088,"Swimming"
"Chromis iomelas",4.64023483200626,20.7547069556142,"Swimming"
"Chlorurus spilurus",24.5746488917254,30.4312702560267,"Swimming"
"Chlorurus spilurus",16.5607074280242,53.399585233369,"Swimming"
"Chlorurus spilurus",22.3834523720436,60.533846304418,"Swimming"
"Naso lituratus",19.0023735574417,8.31086593959016,"Eating"
"Naso lituratus",18.2451406814784,26.354014466843,"Swimming"
"Chromis iomelas",2.84830758055503,15.3956439249258,"Swimming"
"Chaetodon pelewensis",7.98399224586202,24.3853865295098,"Swimming"
"Odonus niger",22.376783011073,27.1688016790666,"Swimming"
"Chlorurus spilurus",21.1480717310362,55.4362310538911,"Swimming"
"Chromis iomelas",4.49142291992258,22.1576239973819,"Swimming"
"Naso lituratus",18.6374233283229,23.9924478302858,"Swimming"
"Chromis iomelas",4.67667530722393,9.62801303073417,"Swimming"
"Chaetodon pelewensis",7.08247010456348,14.3465125106343,"Swimming"
"Naso lituratus",19.1428669329762,34.5184893484713,"Swimming"
"Chaetodon pelewensis",9.04777197289845,15.7797483115924,"Swimming"
"Chromis iomelas",2.90147055008803,13.1541656204522,"Swimming"
"Chaetodon pelewensis",7.22110256253856,13.8524766046945,"Swimming"
"Cephalopholis argus",22.4853609106108,27.5924451445974,"Swimming"
"Chaetodon ornatissimus",11.9434756031153,37.2741686311927,"Swimming"
"Cephalopholis argus",23.0001152448756,29.748709921858,"Swimming"
"Chaetodon pelewensis",7.76816743760881,25.6296543035454,"Swimming"
"Chromis iomelas",3.37133481890435,11.5599004775991,"Swimming"
"Ctenochaetus striatus",14.6617204235859,30.1503498044581,"Swimming"
"Cephalopholis argus",19.9959531420374,24.0493256521386,"Swimming"
"Chaetodon pelewensis",6.77143953463126,7.56508096792072,"Eating"
"Chromis iomelas",4.66361512912873,9.43382453628834,"Swimming"
"Chromis iomelas",4.52608010304229,6.74353718787781,"Swimming"
"Odonus niger",18.1862901883985,39.957885227549,"Swimming"
"Cephalopholis argus",20.5607574133047,43.2390647324682,"Swimming"
"Odonus niger",16.4643536630008,32.2350730897656,"Swimming"
"Odonus niger",18.7175993025934,52.4181623315744,"Swimming"
"Odonus niger",16.4823204551929,37.1460754549643,"Swimming"
"Odonus niger",15.436880278472,37.9881604147675,"Swimming"
"Chromis iomelas",3.86311356283733,8.77868106923368,"Swimming"
"Chromis iomelas",4.30657331050691,14.6118314547275,"Swimming"
"Zebrasoma scopas",13.7216769765389,26.3751682619705,"Swimming"
"Chromis iomelas",5.08455181473536,10.5429565123622,"Swimming"
"Zebrasoma scopas",15.5595905238464,28.6132986868139,"Swimming"
"Chlorurus spilurus",20.8963289060933,59.4936781516874,"Swimming"
"Zebrasoma scopas",16.9120343654101,33.1322028416054,"Swimming"
"Chaetodon pelewensis",8.3746204543436,7.40810322712673,"Eating"
"Zebrasoma scopas",12.1623767096183,10.506173038937,"Eating"
"Zebrasoma scopas",12.7003583820379,31.7397604384642,"Swimming"
"Chaetodon pelewensis",7.88814089023964,55.7114040358603,"Swimming"
"Chaetodon pelewensis",7.60064517254695,55.095562458201,"Swimming"
"Chromis iomelas",3.63761728651258,8.59128080804395,"Swimming"
"Chromis iomelas",4.25909670996593,14.1957722471887,"Swimming"
"Chlorurus spilurus",18.1147517864363,28.2749459493886,"Swimming"
"Chlorurus spilurus",14.4326256536442,33.179095300885,"Swimming"
"Chlorurus spilurus",30.9069817282946,53.1319574076937,"Swimming"
"Chlorurus spilurus",19.2324856672348,35.5616474366185,"Swimming"
"Chromis iomelas",4.52273158750477,14.0331838417046,"Swimming"
"Chromis iomelas",4.70588903875636,11.7220957221507,"Swimming"
"Zebrasoma scopas",14.0137768957099,40.2103820353221,"Swimming"
"Chlorurus spilurus",15.3447543216849,28.9027200884211,"Swimming"
"Chlorurus spilurus",18.0319351014601,24.1925457478596,"Swimming"
"Zebrasoma scopas",13.7499369900179,20.8582287289335,"Swimming"
"Cephalopholis argus",18.7474836744335,37.5282244501872,"Swimming"
"Chlorurus spilurus",13.552409812373,12.4942912342265,"Swimming"
"Chromis iomelas",2.9327794475313,12.2760357067286,"Swimming"
"Chlorurus spilurus",15.7355316176191,27.3544062358101,"Swimming"
"Naso lituratus",18.1547890228351,40.5542893031911,"Swimming"
"Chlorurus spilurus",19.404187031897,26.5130166001735,"Swimming"
"Chaetodon pelewensis",6.69519232333653,17.4002332542768,"Swimming"
"Chromis iomelas",3.74876227527288,19.2863275466747,"Swimming"
"Chromis iomelas",2.70930530381643,5.98376719106064,"Swimming"
"Naso lituratus",18.2473602712657,16.8509998915113,"Swimming"
"Chaetodon pelewensis",5.92820704242918,34.2870082192401,"Swimming"
"Chaetodon pelewensis",7.34121672295147,8.18579908214853,"Eating"
"Chromis iomelas",2.63535713310971,14.5331760576572,"Swimming"
"Chromis iomelas",3.85484334315569,5.39717563082016,"Swimming"
"Chromis iomelas",2.79859237775967,9.06035820846619,"Swimming"
"Chromis iomelas",2.49628440883174,5.98946846220008,"Swimming"
"Odonus niger",19.7386716017461,35.4331596332194,"Swimming"
"Chromis iomelas",2.72616504544578,8.49080698629126,"Swimming"
"Ctenochaetus striatus",9.1136844691487,15.2206873671038,"Swimming"
"Ctenochaetus striatus",9.70411371502892,25.999203366559,"Swimming"
"Ctenochaetus striatus",9.91277178266067,32.9265431104567,"Swimming"
"Odonus niger",20.3019633165402,57.6251321489433,"Swimming"
"Chromis iomelas",2.692541671713,4.40306972828687,"Swimming"
"Chromis iomelas",2.93120409911687,6.13785640675805,"Swimming"
"Ctenochaetus striatus",9.32729709975387,10.2781422869148,"Swimming"
"Ctenochaetus striatus",9.70973121488015,38.8476355094839,"Swimming"
"Ctenochaetus striatus",8.80454471817672,11.1744482512381,"Swimming"
"Chaetodon pelewensis",6.26929666556616,4.02589211397559,"Eating"
"Naso lituratus",17.8892264517652,21.5623291039324,"Swimming"
"Cephalopholis argus",27.9831262504342,33.2850422934803,"Swimming"
"Odonus niger",20.9751413029874,34.0085335195725,"Swimming"
"Chromis iomelas",3.15436507662211,4.90452100919114,"Swimming"
"Chromis iomelas",2.6206411586696,7.25982885325602,"Swimming"
"Chromis iomelas",2.83975894626403,8.5843499395402,"Swimming"
"Chromis iomelas",2.20540514463574,7.24356484614975,"Swimming"
"Naso lituratus",18.0137508500111,30.3404215042767,"Swimming"
"Odonus niger",22.7207333177822,21.3633332304765,"Swimming"
"Chaetodon pelewensis",7.3429945118474,11.8052554960812,"Eating"
"Chromis iomelas",3.57324380169971,6.60574961019058,"Swimming"
"Chromis iomelas",3.10666121429788,25.9570291630164,"Swimming"
"Chaetodon pelewensis",7.43576034857919,8.9932436092185,"Eating"
"Chromis iomelas",3.74378148905249,10.5600560322531,"Swimming"
"Cephalopholis argus",19.686752065764,19.06104597101,"Swimming"
"Zebrasoma scopas",13.1007192961544,28.0371011348021,"Swimming"
"Ctenochaetus striatus",9.7400634143818,30.0336724116899,"Swimming"
"Odonus niger",22.8541203433794,43.9289398899694,"Swimming"
"Chaetodon pelewensis",6.66918527985368,48.0633536508859,"Swimming"
"Chromis iomelas",3.76676955061953,5.63912230747384,"Swimming"
"Chromis iomelas",3.56069616699638,16.6998457811741,"Swimming"
"Chromis iomelas",2.96719872615911,5.7593642123048,"Swimming"
"Chromis iomelas",3.40183145338716,4.81960912132833,"Swimming"
"Ctenochaetus striatus",9.67588272652082,23.4644737752289,"Swimming"
"Ctenochaetus striatus",9.9981887888261,27.6306861436112,"Swimming"
"Ctenochaetus striatus",9.44252896171065,26.9113269569657,"Swimming"
"Chromis iomelas",2.96237906400255,5.76557054603147,"Swimming"
"Cephalopholis argus",29.5892177526115,16.2132805664374,"Swimming"
"Naso lituratus",18.1253200852165,29.7559750909516,"Swimming"
"Odonus niger",21.175175982212,48.1638699683022,"Swimming"
"Chromis iomelas",2.97289719366397,11.3393374438508,"Swimming"
"Chaetodon pelewensis",7.35337929416527,37.4093453132586,"Swimming"
"Chaetodon pelewensis",8.00522151807289,36.4785760124656,"Swimming"
"Chaetodon pelewensis",8.54723435838129,24.7044385629467,"Swimming"
"Chaetodon pelewensis",7.7366890474793,34.7213776777988,"Swimming"
"Chromis iomelas",4.23011009419355,13.8793541182793,"Swimming"
"Chaetodon pelewensis",7.21642943093349,19.8184416368071,"Eating"
"Chlorurus spilurus",24.0067880989541,74.5345422940956,"Swimming"
"Chlorurus spilurus",23.724832858194,73.8618935591249,"Swimming"
"Chromis iomelas",4.07135620508974,11.58159053032,"Swimming"
"Chaetodon ornatissimus",11.0364374827569,21.3231712583336,"Eating"
"Chromis iomelas",3.98510609246816,7.20990646327239,"Swimming"
"Chromis iomelas",2.71375695958247,9.98493133317819,"Swimming"
"Naso lituratus",18.6050459720098,33.7448787822701,"Swimming"
"Chromis iomelas",2.7344891504924,11.9533928098758,"Swimming"
"Chromis iomelas",4.35897436774831,7.02133350292018,"Swimming"
"Chromis iomelas",2.96465086555254,14.0702798164637,"Swimming"
"Naso lituratus",18.6493939322697,14.7671904184809,"Swimming"
"Cephalopholis argus",31.3555931252501,20.0258030252834,"Swimming"
"Chaetodon pelewensis",6.80253699318678,43.7943640481932,"Swimming"
"Chromis iomelas",3.12466690018199,9.0231910090151,"Swimming"
"Cephalopholis argus",21.8241249810218,34.5227774623459,"Swimming"
"Chlorurus spilurus",17.328418900782,32.9561283719519,"Swimming"
"Naso lituratus",20.1995017147694,26.2989194978187,"Swimming"
"Naso lituratus",18.2599268839877,21.83227543288,"Swimming"
"Chaetodon pelewensis",5.62048544762562,2.35687679121719,"Eating"
"Chromis iomelas",4.15180053490367,23.3807450101676,"Swimming"
"Chromis iomelas",3.79969500167581,10.0656092595792,"Swimming"
"Chromis iomelas",4.82561408383213,15.6646673104922,"Swimming"
"Chaetodon ornatissimus",11.4171665099552,57.5568120129874,"Swimming"
"Ctenochaetus striatus",8.72371825716299,43.6442313723625,"Swimming"
"Chromis iomelas",4.27946186395292,19.7354438618741,"Swimming"
"Odonus niger",19.838701472306,27.449370404341,"Swimming"
"Ctenochaetus striatus",9.63072296928177,29.5701451877445,"Swimming"
"Odonus niger",19.5791641409986,27.6551132493815,"Swimming"
"Naso lituratus",19.7410952517492,73.1437651404031,"Swimming"
"Chromis iomelas",3.67109396974567,10.5595001551646,"Swimming"
"Naso lituratus",19.7499934008676,70.6305198150088,"Swimming"
"Naso lituratus",18.5062029070001,47.8742464290159,"Swimming"
"Chromis iomelas",4.06260141708801,11.805760999684,"Swimming"
"Zebrasoma scopas",12.1960410223496,12.0484500768726,"Swimming"
"Zebrasoma scopas",14.9997444126261,37.0649632324333,"Swimming"
"Zebrasoma scopas",11.4559611358541,17.9425588658142,"Swimming"
"Chromis iomelas",4.03767092983676,9.78841759846503,"Swimming"
"Zebrasoma scopas",13.223011109402,23.9840996056976,"Swimming"
"Cephalopholis argus",16.9650615202619,40.6166556225694,"Swimming"
"Chromis iomelas",4.48410136397513,10.5467361462687,"Swimming"
"Chaetodon ornatissimus",11.708965805082,28.0051038104872,"Swimming"
"Chlorurus spilurus",18.7560072873171,54.3328569163503,"Swimming"
"Chromis iomelas",3.47124230199277,17.0243188251044,"Swimming"
"Chromis iomelas",3.41314863557365,5.88524386055232,"Swimming"
"Chlorurus spilurus",21.686613696865,29.9182996289854,"Swimming"
"Chlorurus spilurus",17.8903132095735,69.1440506131328,"Swimming"
"Naso lituratus",19.9680625228615,15.5580892043389,"Swimming"
"Zebrasoma scopas",12.6212569569587,35.7716740052769,"Swimming"
"Chaetodon pelewensis",6.27971596259329,16.7586906550128,"Swimming"
"Chaetodon pelewensis",6.99907858301914,8.68865454061823,"Eating"
"Chlorurus spilurus",22.3698271810111,53.890792061298,"Swimming"
"Chromis iomelas",3.17226721050399,22.2579705055875,"Swimming"
"Chaetodon pelewensis",7.39297656728589,22.2029041317584,"Swimming"
"Naso lituratus",15.8185902171106,38.2363876776347,"Swimming"
"Chromis iomelas",2.85103859158065,16.3009302432721,"Swimming"
"Naso lituratus",20.5649868709063,33.2290027100902,"Swimming"
"Zebrasoma scopas",14.1351005488883,29.5224776954507,"Swimming"
"Zebrasoma scopas",14.7212470303332,15.5701085514686,"Swimming"
"Chromis iomelas",3.58449737772875,15.7787421474811,"Swimming"
"Chlorurus spilurus",20.1271000716171,49.0716669012434,"Swimming"
"Cephalopholis argus",30.0906250797741,37.5511514793118,"Swimming"
"Chaetodon pelewensis",8.34140663544948,28.6286093631875,"Swimming"
